88:9b:39:2c:e1:07,12,-91,-88,-89,0,1460727652,1460727668,,AC:86:74:46:EA:F8,189536
c8:bc:c8:86:e8:db,51,-84,-75,-78,0,1460727659,1460727659,,AC:86:74:46:EA:F8,189536
c8:e0:eb:c4:1c:c3,1,-90,-90,-90,0,1460727651,1460727651,,AC:86:74:46:EA:F8,189536
88:9b:39:2c:e1:07,2,-90,-89,-89,0,1460727678,1460727678,,AC:86:74:46:EA:F8,189536
88:9b:39:2c:e1:07,8,-90,-88,-89,0,1460727707,1460727728,,AC:86:74:46:EA:F8,189536
a8:88:08:71:5c:ec,7,-76,-48,-58,0,1460727729,1460727729,,AC:86:74:46:EA:F8,189536
c0:ee:fb:35:ec:cd,17,-67,-47,-55,0,1460727709,1460727709,,AC:86:74:46:EA:F8,189536
c8:bc:c8:86:e8:db,55,-86,-75,-79,0,1460727704,1460727705,,AC:86:74:46:EA:F8,189536
88:9b:39:2c:e1:07,5,-90,-89,-89,0,1460727752,1460727758,,AC:86:74:46:EA:F8,189536
a8:88:08:71:5c:ec,7,-74,-48,-54,0,1460727732,1460727732,,AC:86:74:46:EA:F8,189536
c0:ee:fb:35:ec:cd,3,-83,-81,-81,0,1460727739,1460727739,,AC:86:74:46:EA:F8,189536
c8:bc:c8:86:e8:db,43,-84,-73,-79,0,1460727750,1460727750,,AC:86:74:46:EA:F8,189536
c8:e0:eb:c4:1c:c3,1,-91,-91,-91,0,1460727741,1460727741,,AC:86:74:46:EA:F8,189536
88:9b:39:2c:e1:07,2,-89,-89,-89,0,1460727783,1460727783,,AC:86:74:46:EA:F8,189536
88:9b:39:2c:e1:07,3,-89,-88,-88,0,1460727797,1460727797,,AC:86:74:46:EA:F8,189536
c0:ee:fb:35:ec:cd,4,-74,-61,-67,0,1460727820,1460727820,,AC:86:74:46:EA:F8,189536
c0:ee:fb:35:f1:47,13,-80,-57,-65,0,1460727813,1460727813,1,AC:86:74:46:EA:F8,189536
c8:bc:c8:86:e8:db,17,-83,-76,-78,0,1460727795,1460727795,,AC:86:74:46:EA:F8,189536
88:9b:39:2c:e1:07,5,-91,-90,-90,0,1460727820,1460727833,,AC:86:74:46:EA:F8,189536
c0:ee:fb:35:ec:cd,9,-77,-54,-60,0,1460727820,1460727820,,AC:86:74:46:EA:F8,189536
c8:bc:c8:86:e8:db,55,-85,-75,-79,0,1460727840,1460727841,,AC:86:74:46:EA:F8,189536
00:a0:96:e9:4f:fd,1,-87,-87,-87,0,1460727866,1460727866,,AC:86:74:46:EA:F8,189536
88:9b:39:2c:e1:07,5,-91,-89,-89,0,1460727853,1460727876,,AC:86:74:46:EA:F8,189536
c0:ee:fb:35:ec:cd,7,-77,-51,-57,0,1460727860,1460727860,,AC:86:74:46:EA:F8,189536
88:9b:39:2c:e1:07,1,-90,-90,-90,0,1460727907,1460727907,,AC:86:74:46:EA:F8,189536
c0:ee:fb:35:f1:47,15,-79,-57,-64,0,1460727904,1460727904,1,AC:86:74:46:EA:F8,189536
c8:bc:c8:86:e8:db,57,-84,-74,-78,0,1460727886,1460727886,,AC:86:74:46:EA:F8,189536
88:9b:39:2c:e1:07,6,-89,-88,-88,0,1460727913,1460727940,,AC:86:74:46:EA:F8,189536
a8:88:08:71:5c:ec,13,-75,-48,-58,0,1460727911,1460727915,,AC:86:74:46:EA:F8,189536
ac:e0:10:11:14:33,1,-91,-91,-91,0,1460727925,1460727925,,AC:86:74:46:EA:F8,189536
c0:ee:fb:35:ec:cd,16,-77,-47,-57,0,1460727920,1460727920,,AC:86:74:46:EA:F8,189536
c8:bc:c8:86:e8:db,48,-83,-75,-79,0,1460727931,1460727931,,AC:86:74:46:EA:F8,189536
88:9b:39:2c:e1:07,2,-90,-88,-89,0,1460727951,1460727951,,AC:86:74:46:EA:F8,189536
96:f0:2a:93:11:11,3,-92,-90,-90,0,1460727971,1460727975,,AC:86:74:46:EA:F8,189536
b8:e8:56:eb:a9:3a,2,-92,-91,-91,0,1460727993,1460727993,,AC:86:74:46:EA:F8,189536
c0:ee:fb:35:ec:cd,15,-79,-52,-60,0,1460728000,1460728000,,AC:86:74:46:EA:F8,189536
c8:bc:c8:86:e8:db,51,-84,-75,-79,0,1460727977,1460727977,,AC:86:74:46:EA:F8,189536
c8:bc:c8:86:e8:db,46,-90,-73,-79,0,1460728022,1460728022,,AC:86:74:46:EA:F8,189536
b8:e8:56:eb:a9:3a,2,-91,-89,-90,0,1460728053,1460728055,,AC:86:74:46:EA:F8,189536
3a:b3:85:21:e0:2c,1,-91,-91,-91,0,1460728086,1460728086,,AC:86:74:46:EA:F8,189536
88:9b:39:2c:e1:07,4,-90,-88,-89,0,1460728064,1460728064,,AC:86:74:46:EA:F8,189536
c8:bc:c8:86:e8:db,47,-84,-71,-77,0,1460728067,1460728067,,AC:86:74:46:EA:F8,189536
a8:88:08:71:5c:ec,15,-74,-48,-56,0,1460728093,1460728097,,AC:86:74:46:EA:F8,189536
c8:bc:c8:86:e8:db,48,-84,-75,-79,0,1460728113,1460728113,,AC:86:74:46:EA:F8,189536
c0:ee:fb:35:f1:47,9,-79,-59,-64,0,1460728126,1460728126,1,AC:86:74:46:EA:F8,189536
84:1b:5e:4a:2d:60,6,-92,-88,-90,0,1460728163,1460728180,,AC:86:74:46:EA:F8,189536
c0:ee:fb:35:f1:47,15,-78,-59,-65,0,1460728176,1460728176,1,AC:86:74:46:EA:F8,189536
c8:bc:c8:86:e8:db,66,-87,-74,-78,0,1460728158,1460728158,,AC:86:74:46:EA:F8,189536
3c:15:c2:bd:1c:a2,6,-93,-90,-91,0,1460728185,1460728185,,AC:86:74:46:EA:F8,189536
84:1b:5e:4a:2d:60,3,-92,-90,-91,0,1460728189,1460728207,,AC:86:74:46:EA:F8,189536
88:9b:39:2c:e1:07,27,-91,-87,-88,0,1460728188,1460728206,,AC:86:74:46:EA:F8,189536
c0:ee:fb:35:f1:47,13,-78,-62,-65,0,1460728196,1460728196,1,AC:86:74:46:EA:F8,189536
c8:bc:c8:86:e8:db,58,-85,-72,-77,0,1460728203,1460728203,,AC:86:74:46:EA:F8,189536
88:9b:39:2c:e1:07,6,-91,-87,-89,0,1460728227,1460728238,,AC:86:74:46:EA:F8,189536
a8:88:08:71:5c:ec,16,-77,-49,-57,0,1460728255,1460728259,,AC:86:74:46:EA:F8,189536
c8:bc:c8:86:e8:db,55,-81,-74,-78,0,1460728249,1460728249,,AC:86:74:46:EA:F8,189536
c8:bc:c8:86:e8:db,48,-85,-74,-78,0,1460728294,1460728294,,AC:86:74:46:EA:F8,189536
88:9b:39:2c:e1:07,1,-89,-89,-89,0,1460728330,1460728330,,AC:86:74:46:EA:F8,189536
c8:e0:eb:c4:1c:c3,4,-92,-91,-91,0,1460728311,1460728319,,AC:86:74:46:EA:F8,189536
78:40:e4:2d:0a:e6,2,-91,-90,-90,0,1460728361,1460728361,,AC:86:74:46:EA:F8,189536
c8:bc:c8:86:e8:db,65,-85,-73,-78,0,1460728339,1460728339,,AC:86:74:46:EA:F8,189536
c8:bc:c8:86:e8:db,61,-85,-76,-79,0,1460728385,1460728385,,AC:86:74:46:EA:F8,189536
78:40:e4:2d:0a:e6,6,-92,-88,-90,0,1460728394,1460728417,,AC:86:74:46:EA:F8,189536
c8:e0:eb:c4:1c:c3,3,-92,-91,-91,0,1460728409,1460728410,,AC:86:74:46:EA:F8,189536
78:40:e4:2d:0a:e6,21,-90,-87,-88,0,1460728426,1460728449,,AC:86:74:46:EA:F8,189536
c8:bc:c8:86:e8:db,57,-86,-74,-78,0,1460728430,1460728430,,AC:86:74:46:EA:F8,189536
78:40:e4:2d:0a:e6,2,-90,-89,-89,0,1460728467,1460728467,,AC:86:74:46:EA:F8,189536
88:9b:39:2c:e1:07,2,-90,-90,-90,0,1460728453,1460728453,,AC:86:74:46:EA:F8,189536
c8:bc:c8:86:e8:db,56,-82,-73,-78,0,1460728475,1460728475,,AC:86:74:46:EA:F8,189536
38:71:de:69:23:32,3,-90,-87,-88,0,1460728497,1460728497,,AC:86:74:46:EA:F8,189536
78:40:e4:2d:0a:e6,6,-92,-90,-90,0,1460728500,1460728509,,AC:86:74:46:EA:F8,189536
c0:ee:fb:35:f1:47,15,-77,-58,-63,0,1460728488,1460728488,1,AC:86:74:46:EA:F8,189536
c8:e0:eb:c4:1c:c3,2,-92,-91,-91,0,1460728501,1460728501,,AC:86:74:46:EA:F8,189536
78:40:e4:2d:0a:e6,3,-91,-90,-90,0,1460728527,1460728527,,AC:86:74:46:EA:F8,189536
c8:bc:c8:86:e8:db,48,-85,-73,-76,0,1460728521,1460728521,,AC:86:74:46:EA:F8,189536
78:40:e4:2d:0a:e6,3,-93,-90,-91,0,1460728560,1460728560,,AC:86:74:46:EA:F8,189536
c8:bc:c8:86:e8:db,63,-86,-73,-77,0,1460728566,1460728566,,AC:86:74:46:EA:F8,189536
78:40:e4:2d:0a:e6,5,-92,-89,-90,0,1460728585,1460728594,,AC:86:74:46:EA:F8,189536
88:9b:39:2c:e1:07,1,-91,-91,-91,0,1460728576,1460728576,,AC:86:74:46:EA:F8,189536
c8:e0:eb:c4:1c:c3,1,-92,-92,-92,0,1460728599,1460728599,,AC:86:74:46:EA:F8,189536
78:40:e4:2d:0a:e6,6,-91,-90,-90,0,1460728612,1460728629,,AC:86:74:46:EA:F8,189536
c8:bc:c8:86:e8:db,56,-86,-73,-79,0,1460728611,1460728612,,AC:86:74:46:EA:F8,189536
78:40:e4:2d:0a:e6,9,-93,-89,-90,0,1460728638,1460728661,,AC:86:74:46:EA:F8,189536
c8:bc:c8:86:e8:db,38,-84,-76,-80,0,1460728657,1460728657,,AC:86:74:46:EA:F8,189536
78:40:e4:2d:0a:e6,1,-91,-91,-91,0,1460728671,1460728671,,AC:86:74:46:EA:F8,189536
c8:e0:eb:c4:1c:c3,1,-92,-92,-92,0,1460728691,1460728691,,AC:86:74:46:EA:F8,189536
c8:bc:c8:86:e8:db,56,-83,-74,-77,0,1460728702,1460728702,,AC:86:74:46:EA:F8,189536
c8:bc:c8:86:e8:db,58,-86,-73,-78,0,1460728747,1460728748,,AC:86:74:46:EA:F8,189536
c0:ee:fb:35:f1:47,30,-82,-62,-67,0,1460728789,1460728804,1,AC:86:74:46:EA:F8,189536
c8:bc:c8:86:e8:db,55,-83,-74,-77,0,1460728793,1460728793,,AC:86:74:46:EA:F8,189536
88:9b:39:2c:e1:07,2,-89,-89,-89,0,1460728822,1460728822,,AC:86:74:46:EA:F8,189536
a8:88:08:71:5c:ec,7,-72,-48,-56,0,1460728840,1460728840,,AC:86:74:46:EA:F8,189536
b8:e8:56:eb:a9:3a,4,-87,-85,-86,0,1460728841,1460728841,,AC:86:74:46:EA:F8,189536
c8:bc:c8:86:e8:db,55,-84,-72,-78,0,1460728838,1460728838,,AC:86:74:46:EA:F8,189536
a8:88:08:71:5c:ec,8,-75,-48,-56,0,1460728844,1460728844,,AC:86:74:46:EA:F8,189536
c0:ee:fb:35:ec:cd,12,-75,-49,-57,0,1460728899,1460728899,,AC:86:74:46:EA:F8,189536
c8:bc:c8:86:e8:db,46,-84,-75,-79,0,1460728883,1460728884,,AC:86:74:46:EA:F8,189536
c8:e0:eb:c4:1c:c3,1,-91,-91,-91,0,1460728877,1460728877,,AC:86:74:46:EA:F8,189536
c8:bc:c8:86:e8:db,55,-86,-74,-79,0,1460728929,1460728929,,AC:86:74:46:EA:F8,189536
88:9b:39:2c:e1:07,3,-88,-87,-87,0,1460728945,1460728945,,AC:86:74:46:EA:F8,189536
0c:77:1a:c4:38:7c,1,-91,-91,-91,0,1460728987,1460728987,,AC:86:74:46:EA:F8,189536
c8:bc:c8:86:e8:db,51,-84,-73,-78,0,1460728974,1460728974,,AC:86:74:46:EA:F8,189536
c8:e0:eb:c4:1c:c3,2,-92,-91,-91,0,1460728981,1460728981,,AC:86:74:46:EA:F8,189536
c8:bc:c8:86:e8:db,57,-87,-73,-77,0,1460729019,1460729020,,AC:86:74:46:EA:F8,189536
0c:77:1a:c4:38:7c,1,-91,-91,-91,0,1460729041,1460729041,,AC:86:74:46:EA:F8,189536
a8:88:08:71:5c:ec,14,-76,-48,-56,0,1460729026,1460729030,,AC:86:74:46:EA:F8,189536
c8:bc:c8:86:e8:db,18,-83,-73,-76,0,1460729040,1460729045,,AC:86:74:46:EA:F8,189536
88:9b:39:2c:e1:07,3,-90,-89,-89,0,1460729068,1460729068,,AC:86:74:46:EA:F8,189536
c0:ee:fb:35:f1:47,16,-74,-51,-57,0,1460729075,1460729075,1,AC:86:74:46:EA:F8,189536
c8:bc:c8:86:e8:db,19,-83,-71,-76,0,1460729053,1460729066,,AC:86:74:46:EA:F8,189536
c8:e0:eb:c4:1c:c3,2,-93,-91,-92,0,1460729081,1460729081,,AC:86:74:46:EA:F8,189536
c8:bc:c8:86:e8:db,48,-83,-72,-77,0,1460729127,1460729127,,AC:86:74:46:EA:F8,189536
88:9b:39:2c:e1:07,2,-90,-89,-89,0,1460729191,1460729191,,AC:86:74:46:EA:F8,189536
c8:bc:c8:86:e8:db,62,-85,-71,-78,0,1460729172,1460729172,,AC:86:74:46:EA:F8,189536
c8:e0:eb:c4:1c:c3,2,-91,-90,-90,0,1460729180,1460729182,,AC:86:74:46:EA:F8,189536
a8:88:08:71:5c:ec,15,-73,-47,-55,0,1460729208,1460729212,,AC:86:74:46:EA:F8,189536
c8:bc:c8:86:e8:db,61,-86,-74,-77,0,1460729217,1460729217,,AC:86:74:46:EA:F8,189536
c8:bc:c8:86:e8:db,34,-85,-76,-79,0,1460729263,1460729263,,AC:86:74:46:EA:F8,189536
c8:e0:eb:c4:1c:c3,1,-91,-91,-91,0,1460729275,1460729275,,AC:86:74:46:EA:F8,189536
88:9b:39:2c:e1:07,1,-89,-89,-89,0,1460729314,1460729314,,AC:86:74:46:EA:F8,189536
c8:bc:c8:86:e8:db,55,-85,-74,-79,0,1460729308,1460729308,,AC:86:74:46:EA:F8,189536
c8:bc:c8:86:e8:db,37,-81,-73,-78,0,1460729353,1460729353,,AC:86:74:46:EA:F8,189536
a8:88:08:71:5c:ec,15,-76,-46,-56,0,1460729391,1460729395,,AC:86:74:46:EA:F8,189536
c0:ee:fb:35:f1:47,18,-74,-51,-58,0,1460729389,1460729390,1,AC:86:74:46:EA:F8,189536
c8:bc:c8:86:e8:db,54,-85,-72,-77,0,1460729399,1460729399,,AC:86:74:46:EA:F8,189536
88:9b:39:2c:e1:07,1,-89,-89,-89,0,1460729437,1460729437,,AC:86:74:46:EA:F8,189536
b8:e8:56:eb:a9:3a,2,-90,-90,-90,0,1460729426,1460729426,,AC:86:74:46:EA:F8,189536
c0:ee:fb:35:ec:cd,13,-87,-45,-64,0,1460729437,1460729437,,AC:86:74:46:EA:F8,189536
a6:0e:48:81:98:ee,1,-89,-89,-89,0,1460729457,1460729457,,AC:86:74:46:EA:F8,189536
c0:ee:fb:35:ec:cd,13,-79,-42,-54,0,1460729447,1460729447,,AC:86:74:46:EA:F8,189536
c8:bc:c8:86:e8:db,49,-85,-73,-79,0,1460729444,1460729444,,AC:86:74:46:EA:F8,189536
e4:40:e2:ab:c3:9d,5,-91,-86,-89,0,1460729456,1460729457,,AC:86:74:46:EA:F8,189536
b8:e8:56:eb:a9:3a,1,-89,-89,-89,0,1460729477,1460729477,,AC:86:74:46:EA:F8,189536
c8:bc:c8:86:e8:db,51,-85,-75,-80,0,1460729489,1460729490,,AC:86:74:46:EA:F8,189536
e4:40:e2:ab:c3:9d,1,-91,-91,-91,0,1460729476,1460729476,,AC:86:74:46:EA:F8,189536
e4:40:e2:ab:c3:9d,6,-85,-83,-84,0,1460729505,1460729505,,AC:86:74:46:EA:F8,189536
88:9b:39:2c:e1:07,2,-88,-88,-88,0,1460729560,1460729560,,AC:86:74:46:EA:F8,189536
c8:bc:c8:86:e8:db,38,-82,-74,-78,0,1460729535,1460729535,,AC:86:74:46:EA:F8,189536
b8:e8:56:eb:a9:3a,1,-90,-90,-90,0,1460729568,1460729568,,AC:86:74:46:EA:F8,189536
c8:bc:c8:86:e8:db,57,-84,-73,-78,0,1460729580,1460729580,,AC:86:74:46:EA:F8,189536
b8:e8:56:eb:a9:3a,1,-89,-89,-89,0,1460729607,1460729607,,AC:86:74:46:EA:F8,189536
c0:ee:fb:35:ec:cd,15,-86,-52,-60,0,1460729651,1460729651,,AC:86:74:46:EA:F8,189536
c0:ee:fb:35:f1:47,18,-77,-52,-59,0,1460729648,1460729648,1,AC:86:74:46:EA:F8,189536
c8:bc:c8:86:e8:db,29,-83,-75,-78,0,1460729625,1460729626,,AC:86:74:46:EA:F8,189536
c8:bc:c8:86:e8:db,53,-85,-72,-77,0,1460729671,1460729671,,AC:86:74:46:EA:F8,189536
88:9b:39:2c:e1:07,2,-89,-88,-88,0,1460729685,1460729685,,AC:86:74:46:EA:F8,189536
c0:ee:fb:35:f1:47,34,-75,-50,-58,0,1460729691,1460729708,1,AC:86:74:46:EA:F8,189536
c8:bc:c8:86:e8:db,45,-84,-73,-78,0,1460729716,1460729716,,AC:86:74:46:EA:F8,189536
c8:bc:c8:86:e8:db,62,-84,-76,-79,0,1460729761,1460729762,,AC:86:74:46:EA:F8,189536
a8:88:08:71:5c:ec,14,-75,-49,-57,0,1460729794,1460729798,,AC:86:74:46:EA:F8,189536
88:9b:39:2c:e1:07,4,-89,-88,-88,0,1460729808,1460729808,,AC:86:74:46:EA:F8,189536
c8:bc:c8:86:e8:db,57,-84,-73,-79,0,1460729807,1460729807,,AC:86:74:46:EA:F8,189536
b8:e8:56:eb:a9:3a,1,-90,-90,-90,0,1460729838,1460729838,,AC:86:74:46:EA:F8,189536
c8:bc:c8:86:e8:db,56,-83,-73,-78,0,1460729852,1460729852,,AC:86:74:46:EA:F8,189536
c8:bc:c8:86:e8:db,50,-85,-72,-78,0,1460729897,1460729898,,AC:86:74:46:EA:F8,189536
88:9b:39:2c:e1:07,9,-89,-87,-88,0,1460729931,1460729951,,AC:86:74:46:EA:F8,189536
c8:bc:c8:86:e8:db,40,-86,-76,-80,0,1460729943,1460729943,,AC:86:74:46:EA:F8,189536
e4:40:e2:ab:c3:9d,1,-92,-92,-92,0,1460729936,1460729936,,AC:86:74:46:EA:F8,189536
88:9b:39:2c:e1:07,3,-88,-87,-87,0,1460729962,1460729962,,AC:86:74:46:EA:F8,189536
c0:ee:fb:35:f1:47,31,-80,-49,-60,0,1460729968,1460729977,1,AC:86:74:46:EA:F8,189536
c0:ee:fb:35:f1:47,15,-81,-58,-65,0,1460729982,1460729982,1,AC:86:74:46:EA:F8,189536
c8:bc:c8:86:e8:db,18,-90,-86,-88,0,1460729988,1460729988,,AC:86:74:46:EA:F8,189536
5c:c5:d4:02:14:94,11,-78,-52,-59,0,1460730016,1460730020,,AC:86:74:46:EA:F8,189536
c0:ee:fb:35:f1:47,11,-84,-55,-64,0,1460730015,1460730015,1,AC:86:74:46:EA:F8,189536
88:9b:39:2c:e1:07,5,-90,-87,-88,0,1460730064,1460730064,,AC:86:74:46:EA:F8,189536
c0:ee:fb:35:f1:47,11,-78,-58,-65,0,1460730056,1460730056,1,AC:86:74:46:EA:F8,189536
e4:40:e2:ab:c3:9d,1,-91,-91,-91,0,1460730056,1460730056,,AC:86:74:46:EA:F8,189536
5c:c5:d4:02:14:94,8,-71,-57,-64,0,1460730088,1460730088,,AC:86:74:46:EA:F8,189536
c0:ee:fb:35:f1:47,20,-85,-62,-71,0,1460730082,1460730096,1,AC:86:74:46:EA:F8,189536
5c:c5:d4:02:14:94,8,-70,-51,-58,0,1460730157,1460730157,,AC:86:74:46:EA:F8,189536
c0:ee:fb:35:f1:47,12,-70,-65,-67,0,1460730159,1460730159,1,AC:86:74:46:EA:F8,189536
88:9b:39:2c:e1:07,2,-90,-90,-90,0,1460730187,1460730187,,AC:86:74:46:EA:F8,189536
c0:ee:fb:35:f1:47,27,-83,-55,-67,0,1460730198,1460730215,1,AC:86:74:46:EA:F8,189536
c0:ee:fb:35:f1:47,17,-82,-59,-64,0,1460730235,1460730236,1,AC:86:74:46:EA:F8,189536
78:40:e4:2d:0a:e6,1,-93,-93,-93,0,1460730305,1460730305,,AC:86:74:46:EA:F8,189536
88:9b:39:2c:e1:07,2,-90,-90,-90,0,1460730310,1460730310,,AC:86:74:46:EA:F8,189536
78:40:e4:2d:0a:e6,4,-91,-90,-90,0,1460730345,1460730345,,AC:86:74:46:EA:F8,189536
c0:ee:fb:35:f1:47,13,-73,-53,-60,0,1460730344,1460730344,1,AC:86:74:46:EA:F8,189536
7c:dd:90:7f:6a:8b,9,-66,-53,-56,0,1460730442,1460730450,,AC:86:74:46:EA:F8,189536
88:9b:39:2c:e1:07,2,-91,-91,-91,0,1460730433,1460730433,,AC:86:74:46:EA:F8,189536
c0:ee:fb:35:f1:47,11,-73,-55,-62,0,1460730520,1460730521,1,AC:86:74:46:EA:F8,189536
88:9b:39:2c:e1:07,2,-91,-91,-91,0,1460730556,1460730556,,AC:86:74:46:EA:F8,189536
c0:ee:fb:35:f1:47,13,-73,-55,-61,0,1460730638,1460730638,1,AC:86:74:46:EA:F8,189536
88:9b:39:2c:e1:07,2,-92,-90,-91,0,1460730679,1460730679,,AC:86:74:46:EA:F8,189536
c0:ee:fb:35:f1:47,15,-88,-51,-59,0,1460730683,1460730683,1,AC:86:74:46:EA:F8,189536
5c:c5:d4:02:14:94,7,-74,-62,-66,0,1460730761,1460730761,,AC:86:74:46:EA:F8,189536
88:9b:39:2c:e1:07,1,-91,-91,-91,0,1460730802,1460730802,,AC:86:74:46:EA:F8,189536
e4:40:e2:ab:c3:9d,1,-91,-91,-91,0,1460730846,1460730846,,AC:86:74:46:EA:F8,189536
b8:e8:56:eb:a9:3a,1,-91,-91,-91,0,1460730908,1460730908,,AC:86:74:46:EA:F8,189536
88:9b:39:2c:e1:07,1,-91,-91,-91,0,1460730925,1460730925,,AC:86:74:46:EA:F8,189536
c0:ee:fb:35:f1:47,20,-77,-53,-61,0,1460730976,1460730976,1,AC:86:74:46:EA:F8,189536
88:9b:39:2c:e1:07,1,-89,-89,-89,0,1460731048,1460731048,,AC:86:74:46:EA:F8,189536
80:71:7a:91:48:ea,2,-92,-90,-91,0,1460731092,1460731092,,AC:86:74:46:EA:F8,189536
c0:ee:fb:35:f1:47,16,-76,-54,-60,0,1460731098,1460731099,1,AC:86:74:46:EA:F8,189536
e4:40:e2:ab:c3:9d,2,-90,-90,-90,0,1460731131,1460731131,,AC:86:74:46:EA:F8,189536
88:9b:39:2c:e1:07,2,-91,-91,-91,0,1460731171,1460731171,,AC:86:74:46:EA:F8,189536
c0:ee:fb:35:f1:47,20,-86,-53,-61,0,1460731161,1460731161,1,AC:86:74:46:EA:F8,189536
a0:8d:16:a6:9c:75,1,-91,-91,-91,0,1460731194,1460731194,,AC:86:74:46:EA:F8,189536
a0:8d:16:a6:9c:75,1,-91,-91,-91,0,1460731235,1460731235,,AC:86:74:46:EA:F8,189536
c0:ee:fb:35:f1:47,34,-86,-53,-62,0,1460731222,1460731241,1,AC:86:74:46:EA:F8,189536
88:9b:39:2c:e1:07,3,-90,-89,-89,0,1460731294,1460731294,,AC:86:74:46:EA:F8,189536
c0:ee:fb:35:f1:47,17,-86,-53,-60,0,1460731289,1460731289,1,AC:86:74:46:EA:F8,189536
c0:ee:fb:35:f1:47,15,-87,-53,-62,0,1460731362,1460731362,1,AC:86:74:46:EA:F8,189536
5c:c5:d4:02:14:94,8,-70,-52,-57,0,1460731366,1460731366,,AC:86:74:46:EA:F8,189536
88:9b:39:2c:e1:07,1,-91,-91,-91,0,1460731417,1460731417,,AC:86:74:46:EA:F8,189536
e4:40:e2:ab:c3:9d,1,-91,-91,-91,0,1460731416,1460731416,,AC:86:74:46:EA:F8,189536
80:71:7a:91:48:ea,25,-92,-87,-89,0,1460731426,1460731449,,AC:86:74:46:EA:F8,189536
80:71:7a:91:48:ea,85,-92,-77,-83,0,1460731459,1460731482,,AC:86:74:46:EA:F8,189536
80:71:7a:91:48:ea,77,-92,-80,-84,0,1460731493,1460731504,,AC:86:74:46:EA:F8,189536
80:71:7a:91:48:ea,33,-94,-87,-89,0,1460731515,1460731537,,AC:86:74:46:EA:F8,189536
88:9b:39:2c:e1:07,1,-90,-90,-90,0,1460731540,1460731540,,AC:86:74:46:EA:F8,189536
b8:e8:56:eb:a9:3a,1,-91,-91,-91,0,1460731530,1460731530,,AC:86:74:46:EA:F8,189536
c0:ee:fb:35:f1:47,19,-88,-53,-64,0,1460731651,1460731651,1,AC:86:74:46:EA:F8,189536
88:9b:39:2c:e1:07,3,-90,-88,-89,0,1460731663,1460731663,,AC:86:74:46:EA:F8,189536
e4:40:e2:ab:c3:9d,1,-91,-91,-91,0,1460731701,1460731701,,AC:86:74:46:EA:F8,189536
88:9b:39:2c:e1:07,1,-90,-90,-90,0,1460731786,1460731786,,AC:86:74:46:EA:F8,189536
a0:8d:16:a6:9c:75,2,-90,-89,-89,0,1460731867,1460731867,,AC:86:74:46:EA:F8,189536
a0:8d:16:a6:9c:75,1,-93,-93,-93,0,1460731877,1460731877,,AC:86:74:46:EA:F8,189536
88:9b:39:2c:e1:07,2,-91,-89,-90,0,1460731909,1460731909,,AC:86:74:46:EA:F8,189536
a0:8d:16:a6:9c:75,2,-90,-88,-89,0,1460731922,1460731922,,AC:86:74:46:EA:F8,189536
c0:ee:fb:35:f1:47,19,-87,-53,-62,0,1460731942,1460731942,1,AC:86:74:46:EA:F8,189536
5c:c5:d4:02:14:94,8,-68,-47,-52,0,1460731970,1460731971,,AC:86:74:46:EA:F8,189536
e4:40:e2:ab:c3:9d,1,-91,-91,-91,0,1460731987,1460731987,,AC:86:74:46:EA:F8,189536
90:3c:92:a6:61:0c,1,-91,-91,-91,0,1460731998,1460731998,,AC:86:74:46:EA:F8,189536
88:9b:39:2c:e1:07,3,-89,-87,-88,0,1460732032,1460732032,,AC:86:74:46:EA:F8,189536
88:9b:39:2c:e1:07,1,-90,-90,-90,0,1460732155,1460732155,,AC:86:74:46:EA:F8,189536
48:5a:3f:03:68:c7,4,-89,-86,-87,0,1460732200,1460732200,,AC:86:74:46:EA:F8,189536
c0:bd:d1:b3:4b:10,3,-90,-88,-88,0,1460732197,1460732197,,AC:86:74:46:EA:F8,189536
c0:ee:fb:35:f1:47,21,-86,-50,-59,0,1460732249,1460732249,1,AC:86:74:46:EA:F8,189536
88:9b:39:2c:e1:07,4,-89,-88,-88,0,1460732278,1460732278,,AC:86:74:46:EA:F8,189536
e4:40:e2:ab:c3:9d,2,-91,-90,-90,0,1460732271,1460732271,,AC:86:74:46:EA:F8,189536
c0:ee:fb:35:f1:47,10,-78,-60,-64,0,1460732338,1460732338,1,AC:86:74:46:EA:F8,189536
c0:ee:fb:35:f1:47,17,-79,-51,-61,0,1460732378,1460732379,1,AC:86:74:46:EA:F8,189536
88:9b:39:2c:e1:07,2,-90,-90,-90,0,1460732401,1460732401,,AC:86:74:46:EA:F8,189536
c0:ee:fb:35:f1:47,18,-76,-55,-61,0,1460732438,1460732439,1,AC:86:74:46:EA:F8,189536
88:9b:39:2c:e1:07,3,-90,-88,-89,0,1460732524,1460732524,,AC:86:74:46:EA:F8,189536
c0:ee:fb:35:f1:47,16,-78,-60,-65,0,1460732523,1460732523,1,AC:86:74:46:EA:F8,189536
5c:c5:d4:02:14:94,8,-72,-51,-57,0,1460732575,1460732575,,AC:86:74:46:EA:F8,189536
88:9b:39:2c:e1:07,3,-89,-88,-88,0,1460732647,1460732647,,AC:86:74:46:EA:F8,189536
c0:ee:fb:35:f1:47,13,-74,-52,-58,0,1460732627,1460732628,1,AC:86:74:46:EA:F8,189536
88:9b:39:2c:e1:07,3,-89,-88,-88,0,1460732770,1460732770,,AC:86:74:46:EA:F8,189536
c0:ee:fb:35:f1:47,17,-81,-58,-64,0,1460732792,1460732792,1,AC:86:74:46:EA:F8,189536
c0:ee:fb:35:f1:47,18,-74,-58,-66,0,1460732849,1460732849,1,AC:86:74:46:EA:F8,189536
88:9b:39:2c:e1:07,3,-88,-88,-88,0,1460732893,1460732893,,AC:86:74:46:EA:F8,189536
c0:ee:fb:35:f1:47,14,-79,-62,-66,0,1460732989,1460732989,1,AC:86:74:46:EA:F8,189536
88:9b:39:2c:e1:07,3,-91,-89,-90,0,1460733016,1460733016,,AC:86:74:46:EA:F8,189536
c0:ee:fb:35:f1:47,29,-81,-55,-63,0,1460733029,1460733036,1,AC:86:74:46:EA:F8,189536
c0:ee:fb:35:f1:47,17,-79,-53,-61,0,1460733061,1460733061,,AC:86:74:46:EA:F8,189536
c0:ee:fb:35:f1:47,18,-76,-55,-61,0,1460733132,1460733132,,AC:86:74:46:EA:F8,189536
e4:40:e2:ab:c3:9d,5,-91,-88,-90,0,1460733126,1460733131,,AC:86:74:46:EA:F8,189536
88:9b:39:2c:e1:07,3,-91,-88,-89,0,1460733139,1460733139,,AC:86:74:46:EA:F8,189536
5c:c5:d4:02:14:94,10,-85,-50,-61,0,1460733180,1460733180,,AC:86:74:46:EA:F8,189536
c0:ee:fb:35:f1:47,20,-77,-56,-63,0,1460733192,1460733192,,AC:86:74:46:EA:F8,189536
0c:77:1a:c4:38:7c,1,-91,-91,-91,0,1460733247,1460733247,,AC:86:74:46:EA:F8,189536
c0:ee:fb:35:f1:47,15,-80,-57,-62,0,1460733272,1460733272,,AC:86:74:46:EA:F8,189536
88:9b:39:2c:e1:07,4,-92,-89,-90,0,1460733341,1460733343,,AC:86:74:46:EA:F8,189536
c0:ee:fb:35:f1:47,17,-77,-55,-62,0,1460733327,1460733328,,AC:86:74:46:EA:F8,189536
88:9b:39:2c:e1:07,13,-89,-80,-84,0,1460733375,1460733385,,AC:86:74:46:EA:F8,189536
88:9b:39:2c:e1:07,19,-91,-86,-88,0,1460733406,1460733421,,AC:86:74:46:EA:F8,189536
e4:40:e2:ab:c3:9d,2,-91,-89,-90,0,1460733411,1460733411,,AC:86:74:46:EA:F8,189536
c0:ee:fb:35:f1:47,17,-74,-52,-58,0,1460733462,1460733462,,AC:86:74:46:EA:F8,189536
c0:ee:fb:35:f1:47,15,-80,-54,-61,0,1460733482,1460733482,,AC:86:74:46:EA:F8,189536
88:9b:39:2c:e1:07,7,-91,-75,-82,0,1460733508,1460733519,,AC:86:74:46:EA:F8,189536
88:9b:39:2c:e1:07,7,-92,-89,-90,0,1460733531,1460733552,,AC:86:74:46:EA:F8,189536
c0:ee:fb:35:f1:47,14,-77,-54,-61,0,1460733542,1460733542,,AC:86:74:46:EA:F8,189536
88:9b:39:2c:e1:07,3,-91,-89,-89,0,1460733562,1460733562,,AC:86:74:46:EA:F8,189536
c0:ee:fb:35:f1:47,16,-72,-51,-57,0,1460733639,1460733639,,AC:86:74:46:EA:F8,189536
88:9b:39:2c:e1:07,2,-91,-90,-90,0,1460733666,1460733666,,AC:86:74:46:EA:F8,189536
e4:40:e2:ab:c3:9d,1,-90,-90,-90,0,1460733696,1460733696,,AC:86:74:46:EA:F8,189536
5c:c5:d4:02:14:94,7,-76,-57,-64,0,1460733784,1460733784,,AC:86:74:46:EA:F8,189536
c0:ee:fb:35:f1:47,16,-80,-60,-64,0,1460733886,1460733887,,AC:86:74:46:EA:F8,189536
e4:40:e2:ab:c3:9d,2,-89,-89,-89,0,1460733899,1460733900,,AC:86:74:46:EA:F8,189536
c0:ee:fb:35:f1:47,12,-72,-60,-64,0,1460733937,1460733937,,AC:86:74:46:EA:F8,189536
a0:8d:16:a6:9c:75,3,-90,-88,-88,0,1460733956,1460733956,,AC:86:74:46:EA:F8,189536
e4:40:e2:ab:c3:9d,1,-91,-91,-91,0,1460733962,1460733962,,AC:86:74:46:EA:F8,189536
5a:e3:58:45:8a:99,1,-93,-93,-93,0,1460733991,1460733991,,AC:86:74:46:EA:F8,189536
a0:8d:16:a6:9c:75,2,-88,-88,-88,0,1460733996,1460733996,,AC:86:74:46:EA:F8,189536
a0:8d:16:a6:9c:75,5,-92,-89,-90,0,1460734020,1460734030,,AC:86:74:46:EA:F8,189536
c0:ee:fb:35:f1:47,12,-76,-59,-63,0,1460734031,1460734031,,AC:86:74:46:EA:F8,189536
7c:dd:90:7f:6a:8b,4,-56,-52,-54,0,1460734059,1460734060,,AC:86:74:46:EA:F8,189536
a0:8d:16:a6:9c:75,2,-92,-88,-90,0,1460734052,1460734062,,AC:86:74:46:EA:F8,189536
7c:dd:90:7f:6a:8b,3,-66,-51,-57,0,1460734065,1460734066,,AC:86:74:46:EA:F8,189536
a0:8d:16:a6:9c:75,1,-87,-87,-87,0,1460734073,1460734073,,AC:86:74:46:EA:F8,189536
e4:40:e2:ab:c3:9d,4,-92,-91,-91,0,1460734082,1460734088,,AC:86:74:46:EA:F8,189536
c0:ee:fb:35:f1:47,16,-80,-71,-75,0,1460734127,1460734148,,AC:86:74:46:EA:F8,189536
c0:ee:fb:35:f1:47,10,-80,-75,-77,0,1460734316,1460734316,,AC:86:74:46:EA:F8,189536
5c:c5:d4:02:14:94,9,-69,-50,-57,0,1460734389,1460734389,,AC:86:74:46:EA:F8,189536
c0:ee:fb:35:f1:47,20,-78,-73,-75,0,1460734403,1460734424,,AC:86:74:46:EA:F8,189536
e4:40:e2:ab:c3:9d,2,-91,-91,-91,0,1460734442,1460734442,,AC:86:74:46:EA:F8,189536
e4:40:e2:ab:c3:9d,2,-91,-90,-90,0,1460734527,1460734527,,AC:86:74:46:EA:F8,189536
80:71:7a:4d:b6:3a,6,-93,-90,-92,0,1460734566,1460734566,,AC:86:74:46:EA:F8,189536
80:71:7a:4d:b6:3a,16,-91,-84,-86,0,1460734579,1460734592,,AC:86:74:46:EA:F8,189536
e4:40:e2:ab:c3:9d,2,-91,-90,-90,0,1460734587,1460734587,,AC:86:74:46:EA:F8,189536
c0:ee:fb:35:f1:47,13,-80,-68,-71,0,1460734628,1460734628,,AC:86:74:46:EA:F8,189536
c0:ee:fb:35:f1:47,12,-73,-64,-66,0,1460734843,1460734844,,AC:86:74:46:EA:F8,189536
e4:40:e2:ab:c3:9d,2,-90,-90,-90,0,1460734872,1460734872,,AC:86:74:46:EA:F8,189536
c0:ee:fb:35:f1:47,16,-73,-63,-66,0,1460734881,1460734881,,AC:86:74:46:EA:F8,189536
5c:c5:d4:02:14:94,8,-73,-56,-60,0,1460734994,1460734994,,AC:86:74:46:EA:F8,189536
e4:40:e2:ab:c3:9d,2,-91,-90,-90,0,1460735056,1460735056,,AC:86:74:46:EA:F8,189536
e4:40:e2:ab:c3:9d,1,-90,-90,-90,0,1460735115,1460735115,,AC:86:74:46:EA:F8,189536
c0:ee:fb:35:f1:47,14,-76,-60,-65,0,1460735183,1460735183,,AC:86:74:46:EA:F8,189536
e4:40:e2:ab:c3:9d,2,-90,-89,-89,0,1460735176,1460735176,,AC:86:74:46:EA:F8,189536
e4:40:e2:ab:c3:9d,3,-90,-88,-89,0,1460735236,1460735236,,AC:86:74:46:EA:F8,189536
e4:40:e2:ab:c3:9d,3,-91,-89,-89,0,1460735296,1460735296,,AC:86:74:46:EA:F8,189536
ec:9b:f3:4c:c5:b6,1,-87,-87,-87,0,1460735341,1460735341,,AC:86:74:46:EA:F8,189536
e4:40:e2:ab:c3:9d,3,-90,-88,-89,0,1460735356,1460735356,,AC:86:74:46:EA:F8,189536
ec:9b:f3:4c:c5:b6,3,-92,-87,-89,0,1460735360,1460735383,,AC:86:74:46:EA:F8,189536
c0:ee:fb:35:f1:47,8,-78,-61,-66,0,1460735474,1460735475,,AC:86:74:46:EA:F8,189536
e4:40:e2:ab:c3:9d,2,-90,-88,-89,0,1460735476,1460735476,,AC:86:74:46:EA:F8,189536
c0:ee:fb:35:f1:47,17,-83,-48,-59,0,1460735558,1460735558,,AC:86:74:46:EA:F8,189536
e4:40:e2:ab:c3:9d,1,-92,-92,-92,0,1460735578,1460735578,,AC:86:74:46:EA:F8,189536
5c:c5:d4:02:14:94,9,-71,-53,-57,0,1460735598,1460735598,,AC:86:74:46:EA:F8,189536
c0:ee:fb:35:f1:47,14,-72,-50,-57,0,1460735598,1460735598,,AC:86:74:46:EA:F8,189536
e4:40:e2:ab:c3:9d,2,-90,-88,-89,0,1460735596,1460735596,,AC:86:74:46:EA:F8,189536
e4:40:e2:ab:c3:9d,2,-89,-88,-88,0,1460735716,1460735716,,AC:86:74:46:EA:F8,189536
c0:ee:fb:35:f1:47,13,-75,-56,-60,0,1460735838,1460735838,,AC:86:74:46:EA:F8,189536
e4:40:e2:ab:c3:9d,1,-89,-89,-89,0,1460735836,1460735836,,AC:86:74:46:EA:F8,189536
c0:ee:fb:35:f1:47,14,-76,-53,-61,0,1460735899,1460735899,,AC:86:74:46:EA:F8,189536
c0:ee:fb:35:f1:47,16,-86,-53,-61,0,1460736036,1460736036,,AC:86:74:46:EA:F8,189536
e4:40:e2:ab:c3:9d,10,-91,-89,-89,0,1460736020,1460736042,,AC:86:74:46:EA:F8,189536
e4:40:e2:ab:c3:9d,12,-91,-89,-90,0,1460736047,1460736072,,AC:86:74:46:EA:F8,189536
88:9b:39:2c:e1:07,2,-91,-89,-90,0,1460736102,1460736102,,AC:86:74:46:EA:F8,189536
c0:ee:fb:35:f1:47,31,-83,-54,-61,0,1460736088,1460736096,,AC:86:74:46:EA:F8,189536
e4:40:e2:ab:c3:9d,13,-92,-89,-90,0,1460736077,1460736103,,AC:86:74:46:EA:F8,189536
88:9b:39:2c:e1:07,5,-91,-88,-90,0,1460736105,1460736125,,AC:86:74:46:EA:F8,189536
e4:40:e2:ab:c3:9d,12,-91,-88,-89,0,1460736108,1460736133,,AC:86:74:46:EA:F8,189536
c0:ee:fb:35:f1:47,17,-79,-55,-64,0,1460736136,1460736137,,AC:86:74:46:EA:F8,189536
e4:40:e2:ab:c3:9d,10,-91,-88,-89,0,1460736138,1460736163,,AC:86:74:46:EA:F8,189536
88:9b:39:2c:e1:07,4,-91,-88,-89,0,1460736182,1460736193,,AC:86:74:46:EA:F8,189536
e4:40:e2:ab:c3:9d,10,-91,-89,-90,0,1460736168,1460736194,,AC:86:74:46:EA:F8,189536
5c:c5:d4:02:14:94,2,-55,-54,-54,0,1460736203,1460736203,,AC:86:74:46:EA:F8,189536
88:9b:39:2c:e1:07,1,-92,-92,-92,0,1460736203,1460736203,,AC:86:74:46:EA:F8,189536
c0:ee:fb:35:f1:47,2,-86,-84,-85,0,1460736216,1460736216,,AC:86:74:46:EA:F8,189536
e4:40:e2:ab:c3:9d,11,-93,-89,-90,0,1460736199,1460736224,,AC:86:74:46:EA:F8,189536
88:9b:39:2c:e1:07,5,-91,-87,-89,0,1460736229,1460736248,,AC:86:74:46:EA:F8,189536
e4:40:e2:ab:c3:9d,10,-92,-89,-90,0,1460736229,1460736249,,AC:86:74:46:EA:F8,189536
0c:77:1a:c4:38:7c,1,-91,-91,-91,0,1460736270,1460736270,,AC:86:74:46:EA:F8,189536
e4:40:e2:ab:c3:9d,10,-92,-89,-90,0,1460736254,1460736280,,AC:86:74:46:EA:F8,189536
88:9b:39:2c:e1:07,1,-91,-91,-91,0,1460736314,1460736314,,AC:86:74:46:EA:F8,189536
e4:40:e2:ab:c3:9d,14,-91,-89,-89,0,1460736285,1460736310,,AC:86:74:46:EA:F8,189536
ec:85:2f:a3:97:48,9,-92,-85,-88,0,1460736291,1460736296,,AC:86:74:46:EA:F8,189536
88:9b:39:2c:e1:07,9,-92,-86,-88,0,1460736319,1460736342,,AC:86:74:46:EA:F8,189536
e4:40:e2:ab:c3:9d,12,-92,-89,-90,0,1460736315,1460736341,,AC:86:74:46:EA:F8,189536
88:9b:39:2c:e1:07,2,-92,-92,-92,0,1460736369,1460736369,,AC:86:74:46:EA:F8,189536
c8:e0:eb:c4:1c:c3,1,-90,-90,-90,0,1460736372,1460736372,,AC:86:74:46:EA:F8,189536
e4:40:e2:ab:c3:9d,11,-91,-89,-89,0,1460736346,1460736371,,AC:86:74:46:EA:F8,189536
c0:ee:fb:35:f1:47,29,-75,-53,-59,0,1460736387,1460736397,,AC:86:74:46:EA:F8,189536
e4:40:e2:ab:c3:9d,13,-91,-87,-89,0,1460736376,1460736401,,AC:86:74:46:EA:F8,189536
88:9b:39:2c:e1:07,13,-90,-79,-84,0,1460736417,1460736428,,AC:86:74:46:EA:F8,189536
e4:40:e2:ab:c3:9d,11,-93,-89,-90,0,1460736406,1460736432,,AC:86:74:46:EA:F8,189536
88:9b:39:2c:e1:07,2,-91,-90,-90,0,1460736438,1460736438,,AC:86:74:46:EA:F8,189536
e4:40:e2:ab:c3:9d,14,-91,-88,-89,0,1460736437,1460736462,,AC:86:74:46:EA:F8,189536
88:9b:39:2c:e1:07,49,-85,-66,-75,0,1460736483,1460736495,,AC:86:74:46:EA:F8,189536
e4:40:e2:ab:c3:9d,12,-92,-88,-90,0,1460736467,1460736492,,AC:86:74:46:EA:F8,189536
88:9b:39:2c:e1:07,25,-89,-77,-83,0,1460736499,1460736507,,AC:86:74:46:EA:F8,189536
c0:ee:fb:35:f1:47,15,-77,-53,-58,0,1460736496,1460736497,,AC:86:74:46:EA:F8,189536
e4:40:e2:ab:c3:9d,15,-92,-88,-89,0,1460736497,1460736523,,AC:86:74:46:EA:F8,189536
c0:ee:fb:35:f1:47,19,-75,-50,-57,0,1460736531,1460736531,,AC:86:74:46:EA:F8,189536
e4:40:e2:ab:c3:9d,14,-91,-88,-89,0,1460736528,1460736553,,AC:86:74:46:EA:F8,189536
e4:40:e2:ab:c3:9d,17,-92,-84,-89,0,1460736558,1460736584,,AC:86:74:46:EA:F8,189536
